Movie Titles,10,9,8,7,6,5,4,3,2,1
Barbie,63000,52000,103000,116000,73000,37000,19000,14000,11000,42000
Oppenheimer,206000,197000,167000,81000,29000,11000,5100,3400,2500,8500
Dune: Part Two,130000,94000,57000,21000,6600,2500,1200,850,757,3500
The Marvels,8300,4200,11000,19000,22000,16000,9200,6900,6200,19000
John Wick: Chapter 4,71000,60000,84000,61000,28000,12000,5800,3400,2300,4200
Madame Web,3100,729,1600,3100,4600,5800,5400,5100,5700,16000
Spider-Man: Across the Spider-Verse,137000,99000,69000,30000,11000,4500,2200,1600,1600,8900
Mission: Impossible - Dead Reckoning Part One,34000,42000,81000,55000,20000,6500,2600,1400,942,2200
Guardians of the Galaxy Vol. 3,69000,82000,114000,68000,26000,8700,3700,2200,1500,3800
Ant Man and The Wasp,13000,7400,24000,54000,59000,32000,16000,8500,5100,8300
The Hunger Games: The Ballad of Songbirds & Snakes,10000,10000,24000,31000,19000,7900,3600,2000,1500,3600
Black Panther: Wakanda Forever,31000,23000,53000,76000,55000,26000,12000,7500,5600,14000
,,,,,,,,,,
,,,,,,,,,,
,,,,,S,,,,,